year,PM_China,PM_US
2013,92.53333333333333,90.76785714285714
2014,94.1108386463953,95.22645904855321
2015,89.79430379746836,81.51340282948622
